"customer_name","address","email","country"
Mills & Mills Lda Quinta Properties,Korte Bist 5,leanora7071@fastem.com,BY
weber & weber GbR,Stijfselrui 73,kimberlie_koedam2177@h-mail.us,BE
Company Romer,Korte Bunt 144,syble_bonouvrie3086@gmail.com,DO
Sommerlatte-Company,lelieplaats 156,jongens9386@150ml.com,FI
Scholer-Company,Weide 104,belen_glenn758@emailgroups.net,CC
"9045 Consulting GmbH",Schemerlandweg 68,ellis7860@fast-mail.org,TR
Grundmann Company,Wanninkhoveweg 180,gilbert388@mailworks.org,EG
B√∂ger Company,Maarschalk Montgomeryweg 113,ellis_casey2130@f-m.fm,CC
Schmitz Finanz - Nils Schmitz,Krugerbrug 7,kyle_vankleef6740@fmailbox.com,NI
Perfect Immo GmbH,Nieuwe Hoeve 144,schrijvers234@emailuser.net,BS
Perfect Immo GmbH,Victor Govaersweg 99,mason9204@justemail.net,CN
Perfect Immo GmbH,aarschotplaats 108,sandee1752@cluemail.com,HU
RENTA-Servicegesellschaft mbH,Zurenborgbrug 152,vandertoorn9132@mailsent.net,Gl
RENTA-Servicegesellschaft mbH,Roederdelft 131,frederica_mcmillan3897@mailup.net,SM
All Class Company GmbH,Hendrik Conscienceplein 84,birdie6254@speedpost.net,GQ
Kevin Hamann Company,Constant Jordaensweg 11,hugh_mckay4695@postpro.net,IT
CHANGE YOUR HOME,Stijfselrui 22,aline3529@emailplus.org,GF
Anton W√∂rner Company,Scheldelei 194,efren1904@imap.cc,BW
Companyhaus - Ulm,Frans Standaertlei 138,oralia_amptman2077@hotmail.com,TW
ANDERKA Company GmbH,Berendrechtbrug 54,roseanne7176@ownmail.net,MO
My Home Agency Company,Mechelsesteenweg 188,ramirez7701@123mail.org,GN
BIC BERLINER-Company-CONTOR GmbH,Gillisplaats 104,terry4639@allmail.net,Za
SG Bau - und Companyvertriebs GmbH,Michel Willemsplein 129,dale896@swift-mail.com,pR
"Company, Inh. Roxane Rastetter",amerikalei 154,erich_cowan3404@bestmail.us,KG
KUBIKOM Company GmbH,Rozelaarlei 137,lane8883@ownmail.net,pK
Hauser Company,Edgard Ryckaertsplein 162,lissa6824@fastmailbox.net,lC
artofhome Company e.K.,Imalsoplein 137,duif3520@the-fastest.net,SJ
McRae Company,Diepe Roet 9,imogene_valenzuela8576@petml.com,pW
Picaflor Company GmbH,Boterhamvaartweg 84,danilo6706@mailhaven.com,Mp
Behrmann Company GmbH,Oudeleeuwenrui 89,knox7477@mailas.com,UY
pleasanthome Company GmbH,luikbrug 68,mica_utrecht1845@mailforce.net,BO
Kr√§mmel Wohn- und Gewerbebau GmbH,louis Frarynweg 67,clemente392@fastem.com,KZ
THC Company i.L.,,,
Elise Company,Harinkvelden 58,alan3639@fastmail.to,JM
Straub Company GmbH,asblok 105,alphonso_vanderham2644@inoutbox.com,BF
LORA Company Center,Maarschalk Montgomeryplein 111,virgil7405@mailsent.net,BH
WMAXX-Company,Krijgsweg 7,brynn_blevins4873@fastmail.to,GN
MWB Baubetreuungs- und Verwaltungs- GmbH,De Gerlachekaai 81,harmon9702@mail-central.com,Na
IMFORUM Companydienstleistung,Schoonbroek 112,rebbecca1584@fastimap.com,GN
NEXT Company und Grundst√ºcksvermittlungs GmbH,Van Eycktunnel 128,davila9582@fastmail.cn,SN
BAUWERK.LU,Den Geer 182,darrell_veldman2414@internet-mail.org,SG
iad Deutschland,laarsebaan 192,eleanore2989@elitemail.org,Mp
Schwarz Weiss Projektentwicklung GmbH,Kardinaal Mercierlei 150,debosch2937@yepmail.net,KZ
Sch√§fer Company,Bistweg 115,schrauwen303@fastmail.us,BG
Anton Schmittlein Construction GmbH,Bist 24,chadwick_kramer5864@fastmailbox.net,IT
"Bergische Company, Regge & Partner GmbH",Orteliuskaai 14,kleijn8178@imapmail.org,Ml
Hennemann Company,Boogkeers 75,merlin2644@emailgroups.net,pK
Norddeutsche Investment & WohnCompany,Elzenbos 192,dyer2410@emailuser.net,aG
ABC Company bonn e.K.,Begijnenvest 47,millard1447@fast-mail.org,CM
s'Immowerk GmbH,Berendrechtbrug 149,marvis_vanes8535@emailplus.org,Tl
ft Company,Olmenweg 98,trent3181@fastmail.es,GB
Ulrike Nitzsche Companyservice Dresden UG (haftungsbeschr√§nkt),Zandvlietsluis 159,maryjo750@mailnew.com,BO
pro-immo-renta¬© consulting GmbH,Vlaamsekunstweg 80,apolonia_efdee9475@nospammail.net,NO
HABESE Handels-Beratungs-Service UG (haftungsbeschr√§nkt),Volkstuinlei 109,vankrieken8095@ssl-mail.com,HK
ConSigma M√ºnchen GmbH,leon Stampeweg 2,nohemi2403@mailhaven.com,aM
Sven Segieth Company,Kaaskamerweg 56,curtis7475@myfastmail.com,IS
alphalebensraum - Companyagentur,Duvelshoek 89,caprice_mccarty223@fmailbox.com,pK
Spie√ü Company GmbH,Waterwilgweg 90,huerta2598@fastmail.cn,pW
"Company-, Handels-Service GmbH",peter van Yperweg 166,shauna_wallace9398@mailingaddress.org,CG
Immbnova,Blauwtorentunnel 156,garland_aguilar7868@postinbox.com,NG
ImmoWerker,Van praetlei 90,bruce8820@emailcorner.net,la
Olaf Tiehen Company,Onafhankelijkheidsweg 94,herman9201@16mail.com,BG
FBM-Verm√∂gensholding GmbH,Royersbrug 54,linnie2406@mailworks.org,MV
Sito Company,Margrietweg 108,henry_vis2976@mailforce.net,MQ
FSI First Stone Companygesellschaft mbH,Fortsteenweg 49,novella5730@50mail.com,TT
Company Company Nord GmbH,Kretenborgweg 11,armando7107@sent.at,GR
Ausbildung und Leben in Deutschland,Veenbesweg 132,nick_dougherty9137@fastimap.com,aM
Maxim Papric Company GmbH,Berkenrodelei 124,jenifer2756@ssl-mail.com,IN
"Franz Rothenbacher Company, Inhaber Elmar Rothenbacher",Esmoreitweg 174,blaine_kane1521@theinternetemail.com,KW
Komb√ºchen Company Gesellschaft f√ºr Grundbesitz & Projektentwicklung mbH,Droogdokken 157,marylou9636@theinternetemail.com,UY
Kettenbach Company GmbH,leiebos 99,vanemmerik269@proinbox.com,US
das IMMOb√ºro Aalen oHG,Westeind 87,hassan4114@mailas.com,KY
Born Invest,Monnikenplein 112,jame4685@reallyfast.biz,Qa
Mattes Company GmbH,Infirmerieplein 184,beach6670@mailcan.com,CF
Go Company Ute R√∂tzer,Harinkvelden 107,jonah8940@2-mail.com,CY
Steinkamp Company,Herentalsebaan 10,gawlik4448@cluemail.com,VG
Steinkamp Company,Kalverveld 113,lane1702@fastmail.com.au,TO
Tappen - Company,pulhofweg 75,campbell1211@mm.st,OM
Rosenhof Company & Capital Vermittlung GmbH,Jan Van Rijswijckweg 146,ted_jefferson9158@fast-mail.org,IO
Companyfair,Oosterveldweg 37,ervin9712@nospammail.net,CH
Bernd Sieve Company und Finanzen GmbH,Kruisweg 53,dejongh6842@fmail.co.uk,Gl
Bendler Company,,,
AckerCompany,,,
gruber.Company,,,
,,,
Europe-Immo-World Vertriebs-GmbH,,,
Europe-Immo-World Vertriebs-GmbH,,,
Companymakler Pabst,,,
Amann Wohnbau GmbH & Co. KG,,,
Turgay Yildirim Company,,,
Toco-Company,,,
Company Trend-Home GmbH,,,
M√ºnchow Company,,,
W & K Companyverwaltung GmbH,,,
Kevin Niemeyer,,,
,,,
S√§nger Company,,,
Bergische Company Wiegand,,,
W√∂ber Company GmbH,,,
W√∂ber Company GmbH,,,
Dino Fischer Company & Finanzen,,,
Company & Hausverwaltung G√∂ttert,,,
CM-Company,,,
GERSTNER Company GmbH,,,
OLYMPIC Company,,,
Mario Junge Company | Erzgebirge,,,
Mario Junge Company | Erzgebirge,,,
Mario Junge Company | Erzgebirge,,,
Mario Junge Company | Erzgebirge,,,
Immohp GmbH,,,
WEDDING Company,,,
Christian Giese GmbH,,,
Vera Thiel Company,,,
Sonnengarten Bautr√§ger GmbH,,,
Konen & Lorenzen Management & Real Estate Solution GmbH,,,
Zenker & G√ºnsch Company GbR,,,
Zenker & G√ºnsch Company GbR,,,
Living Home Real Estate GmbH,,,
KOEPPL Companylotse,,,
SRI Sedlmair Company GmbH,,,
SRI Sedlmair Company GmbH,,,
SRI Sedlmair Company GmbH,,,
SRI Sedlmair Company GmbH,,,
Bama Company,,,
Ku√ümann Company e.K.,,,
Grundstein Company e.K.,,,
Immowenk GmbH,,,
E. K. Company,,,
E. K. Company,,,
E. K. Company,,,
Christiane Bartz Company,,,
Weithaler GbR,,,
A-Z  Company Hubert Reith Inh. Arne Schlechter,,,
KKL Companymanagement GmbH,,,
IBS Company,,,
CS - Company,,,
Sager Company Consulting KG,,,
D√§uber Company,,,
Ruschmann Company,,,
RheinNeckar Company GmbH,,,
A-H-D IMMO UG (haftungsbeschr√§nkt),,,
FIDENTIA W√§rmemessdienst & Kabelservice GmbH,,,
FIDENTIA W√§rmemessdienst & Kabelservice GmbH,,,
Rudolf Schimpf Company & more,,,
Orodon GmbH,,,
aam2core Holding AG,,,
,,,
Zehrer Company & Facilities,,,
Laurence Hein Company,,,
Kreisel Company (in Gr√ºndung),,,
F√∂rst Company,,,
SGB-Company GmbH,,,
R.W.S. Immo GmbH,,,
Hausberatung GmbH,,,
Immotrend - Company Erhard Philipps,,,
Company Service Elsbach,,,
JP Vision GmbH,,,
Bauberatung und Company J√ºrgen Tresch,,,
Markus K√ºck Company & Finanzierungen,,,
Kemper Brothers UG,,,
Reitz Company,,,
KONTOR B Andrea Bartels Company,,,
Sweet Home Company e.K.,,,
Raumgef√ºhl Company GbR Sandy R√∂tzsch & Mandy M√ºller,,,
"GERCHGROUP AG, Cecilienpalais",,,
K√∂nig Real Estate GmbH,,,
Riva Company GmbH,,,
Riva Company GmbH,,,
Hendricks-Company,,,
Herzbauwerk GmbH,,,
Andreas Eberle Company,,,
Holland Immocenter GmbH,,,
World Investment GmbH,,,
Phoenix Companyberatung GbR,,,
Alexander Heinzinger Company,,,
Les Deux Company GbR,,,
Fuchsius Company,,,
MaklerMore GmbH,,,
Immo NSC,,,
EXCON Services GmbH,,,
Main Unity Company GmbH,,,
DECKER Company,,,
Wilke-Company e.K. Inh. J√∂rn Paschke,,,
Companyforum GmbH,,,
Hengstler Company,,,
WIRSAM Company,,,
WIRSAM Company,,,
WIRSAM Company,,,
Gerlinde M. Ahne  Company,,,
von Emhofen Company e.K.,,,
Lutz GmbH,,,
J√ºrgen Aben Company GmbH,,,
Ballwanz Company GmbH & Co. KG,,,
Meissner Companyservice,,,
IM FerienCompany und Projekte GmbH & Co. KG,,,
Cordua Companyteam GmbH,,,
F.X. Egginger GmbH,,,
L|S Company-Agentur - Letz & S√∂ylemez GbR,,,
Gerd Funke,,,
MARST√ÑLLER Company,,,
Wohntraum Company GmbH,,,
Coban Real Estate GmbH,,,
Eggerstedt Company GmbH,,,
Eggerstedt Company GmbH,,,
Bechtel Baumanagement GmbH,,,
schuler Company GmbH,,,
Hoffmann & Partner Company,,,
Companyagentur Mathias Blum,,,
L & Partner Company GmbH,,,
G. M√∂nnich jr. GmbH,,,
ImmoN√ºrnberg Companyvertrieb GmbH,,,
"ap-Company, Angela Podbielski",,,
"ap-Company, Angela Podbielski",,,
DeuGIV-Deutsche Grund-& CompanyVerwertung GmbH,,,
Avalon Company GmbH,,,
Freyung Company,,,
QuartierPunktVier Company GmbH,,,
Elke Schmidt Company,,,
GAWANTKA Company Herr Michael Gawantka,,,
GAWANTKA Company Herr Michael Gawantka,,,
Tecklenburg GmbH,,,
,,,
BetterPlace Company GmbH,,,
"UpperCampus, Inc.",,,
H2 Company Consulting,,,
Preu√üisch-Mercator GmbH und Virt√π GmbH,,,
DZ-IMMOFINANZ,,,
Nikki Livings GmbH,,,
Company DUIS,,,
HELMA Wohnungsbau GmbH,,,
Tamara Griasskin Company,,,
B√∂hm Company,,,
Compari GmbH & Co KG,,,
SAVIN GMBH,,,
Beck Company GmbH,,,
ID-Homes Company,,,
ID-Homes Company,,,
Wohnbau Janssen GmbH,,,
B&R Company GmbH,,,
HP Hamburg Projektentwicklung GmbH,,,
Companykontor Wendland GmbH,,,
Alfred Br√§uer Company,,,
Ortswechsel-Berlin-Brandenburg,,,
AS Wohnbau GmbH,,,
I W V Company Wolfgang Vesen,,,
NVH Company GmbH,,,
Manasterny Company GmbH,,,
Has Companydienste,,,
,,,
Christian Ley - Company e.K.,,,
Pete Roman Company,,,
Company,,,
Company Elbers,,,
Company Store Alexandra Lager,,,
AKTUELL-Company e.K.,,,
SEK-Kraftwerke und Liegenschaften AG,,,
Ringenwald Company,,,
Steinke & Weller Massivhaus GmbH & Co.KG,,,
Heinz Company,,,
Zwer Company Schwerin,,,
Helga P√ºschel Company,,,
Filla + G√∂th Company GbR,,,
M. Freisem Company IVD,,,
Geiling Company- Management,,,
Kapferer Company GmbH,,,
Leo Riske Company,,,
Dr. Loy ImmoConsult GmbH,,,
Rega Company,,,
Company Fr√∂hlich,,,
Company Obermeier,,,
Company Obermeier,,,
Company Obermeier,,,
Company Obermeier,,,
City 1 Group GmbH,,,
Bauhandwerk Dresden Gruna Companyverwaltungsgesellschaft mbH,,,
VR-Networld GmbH,,,
K√∂nigsrosen Company Sobhi Rustom,,,
KLAUS & WIEDMANN Company GmbH,,,
Company - Christiane Oswald,,,
ImmoCasa,,,
"Kroll Company, Inh. Bastian Kroll",,,
"Kroll Company, Inh. Bastian Kroll",,,
,,,
ENGELKEN Company,,,
Kriese Companygruppe seit 1966,,,
Wohntreu Grundst√ºcksverwaltungsgesellschaft mbH,,,
SD Company- und Hausverwaltungsdienst,,,
,,,
,,,
Kurtenbach Company,,,
KAMU Company,,,
KAMU Company,,,
MYLA Homes GmbH,,,
,,,
LBM GmbH,,,
LBM GmbH,,,
Peter Oefner Company & Gutachten,,,
Peter Oefner Company & Gutachten,,,
IMMOMANIE real estate GmbH,,,
Kovac & Co. Company GmbH,,,
Kovac & Co. Company GmbH,,,
RRB Immo GmbH,,,
ImmoZirkel GmbH,,,
ISIS Company Service,,,
GN Company,,,
GN Company,,,
GN Company,,,
GN Company,,,
Rheiderland Company,,,
Parsch & St√§bler Company GmbH i.L.,,,
Hunter Consulting GmbH,,,
RLH Wohnungsbau GmbH,,,
Henning Br√ºssel Company,,,
Rettig Company,,,
Golden Home Real Ltd & Co KG,,,
Pergulas Beratungs GmbH,,,
CETUS Company GmbH,,,
Jahnke Company GmbH,,,
Holzner Company GmbH,,,
Holzner Company GmbH,,,
Kaeber Company,,,
KWAG Company GmbH,,,
Beier Company GmbH,,,
Wendt & Company GmbH & Co. KG,,,
Bl√§√üe Company GmbH,,,
Company und Finanzierung Luther,,,
CS Company,,,
HS Company,,,
reimann & wolff Company GmbH,,,
Wohntraum Bodensee,,,
WA Company Leipzig,,,
RealWert Bayern Company- und Finanzierungsvermittlungs GmbH,,,
ALF Company - Companyfachwirt (Diplom E.I.A.),,,
Avallone Company & Investmentberatung,,,
Werner Wohnbau GmbH & Co. KG,,,
Breier & Roloff Company GbR,,,
#NAME?,,,
#NAME?,,,
Barking Company,,,
Grundst√ºcksgemeinschaft Horstmann,,,
Hapke Company Management,,,
Barbara Tretter Company,,,
PAULA IGEL INTERNATIONAL REAL ESTATE,,,
StadtLandImmo GmbH,,,
MP Service GmbH,,,
Hildebrand Company GbR,,,
Sperber Company,,,
Immoteam Gesellschaft f√ºr Wohnprojekte mbH,,,
Immoteam Gesellschaft f√ºr Wohnprojekte mbH,,,
Immoteam Gesellschaft f√ºr Wohnprojekte mbH,,,
Back Capital & Company GmbH,,,
HEPA Company GmbH,,,
ADEON Liegenschaften GmbH,,,
ADEON Liegenschaften GmbH,,,
ADEON Liegenschaften GmbH,,,
ImmoVerum Company GmbH,,,
ImmoVerum Company GmbH,,,
Companysachverst√§ndigenb√ºro,,,
RVC Company GmbH,,,
RVC Company GmbH,,,
Lohm√ºller & Company GmbH,,,
Nach Hause Company GmbH & Co. KG,,,
Immotec GmbH,,,
Ilka Vietz ImmoExpert,,,
Baumann & Baumann Companyb√ºro GmbH,,,
living-halle,,,
Company-hz,,,
L√ñWE Premium Company GmbH,,,
MIA3 Immo Gut Beraten GmbH,,,
Zocholl Company GmbH,,,
Zocholl Company GmbH,,,
GRUND.auf GmbH,,,
GRUND.auf GmbH,,,
Companyvermittlung & Co.,,,
Die Spitzenmakler,,,
Bismarck Company GmbH & Co.KG,,,
Bismarck Company GmbH & Co.KG,,,
HausTal Company,,,
Gleich & Brother GmbH,,,
Immovasion,,,
URBANGOODLIVING Company,,,
Radtke Verwaltungs GmbH,,,
EMOTION HOME GmbH,,,
TH Company GbR,,,
GMT Company,,,
Lang Company Consulting - Inhaber: Werner Lang,,,
IMMNU GmbH & Co. KG,,,
Ecoestate GmbH,,,
EHLERS 1% Companymakler GmbH,,,
Anna Gloux Company,,,
HENDGES-Company & SACHVERST√ÑNDIGENB√úRO,,,
Schiebel Company,,,
Wentzel Dr. Vertriebs GmbH,,,
Dr. Kochanski Company GmbH ( IVD ),,,
Peter Wagner Company AG,,,
G√∂ttsche Company,,,
Kischkel-Company,,,
Kischkel-Company,,,
"DBS Company e.K., Inh. Dirk Sauer",,,
ALPINA Company GmbH,,,
Mayer Company GbR,,,
Hallinger Company,,,
Christine Hochheim Company,,,
BERNER Company & SACHVERST√ÑNDIGENB√úRO f√ºr Companybewertung,,,
Wohnlust Companyvertrieb Schlarbaum,,,
MDL Company Consulting,,,
HJ Werner Company,,,
Adviduct Company GmbH,,,
CSI Company Christoph St√∂hler,,,
Akurat Service Real Estate e.K.,,,
Company,,,
Hopp - Company,,,
Ludwig Hagl Company,,,
"Blumenauer Consulting, Company",,,
D√úVELSDORF Company GmbH,,,
Klein Company,,,
Siller Company GmbH,,,
HELD Companywerte / Dipl.-Kfm. Klaus-Peter Held,,,
Hadler Company Consulting,,,
Domicilio Company,,,
Larus Wohnbau GmbH,,,
Thomas Leitel Company,,,
Sonja Schuth-Schulze IMMO 88,,,
Karen Ulrich Company GmbH,,,
Wulff & Jenert GmbH,,,
Handelsvermittlung,,,
Peggy St√ºber Company,,,
Alexander Konrad Company,,,
Da Vinci Real Estate GmbH,,,
EL Vertriebsgesellschaft UG,,,
EL Vertriebsgesellschaft UG,,,
Kurt Ege Holding GmbH,,,
V.I.I GmbH & Co. KG,,,
SR Companykontor UG,,,
Companyfundgrube GmbH,,,
Companyfundgrube GmbH,,,
Kimmig-Haus GmbH,,,
SHN Company GmbH,,,
deinimmo GmbH,,,
Heiner Company und Grundbesitz GmbH,,,
BG & B Company GmbH,,,
MBV Company GmbH,,,
AjK Immo Concept M√ºnchen,,,
Daniel Schmidt Companyagentur,,,
Sommer Company,,,
Sommer Company,,,
ALMA Real Estate,,,
Kompass Company Norden,,,
A-Z Company,,,
A-Z Company,,,
Ellrich Financial Consulting GmbH,,,
Ellrich Financial Consulting GmbH,,,
Zefi Company GmbH,,,
Company Crew GmbH,,,
Kevin Junginger Company,,,
JB Investment GmbH & Co. KG,,,
neuplan verwaltung GmbH,,,
Luisa C. Daase,,,
Home & Living Company,,,
Marmstorf Company,,,
Aktuell Bau GmbH,,,
Dresden-Invest GmbH,,,
Felix Malchow,,,
IMS Companymanagement GmbH,,,
ImmoGlobe,,,
A4RES Advisory GmbH,,,
Company - Shop Holger Peters,,,
Bauberatungszentrum S√ºd GmbH & Co.KG,,,
InPro-Company,,,
Krebs Company e.K.,,,
LAUE & PARTNER GbR,,,
Dietrich & Schicchi Company GbR,,,
meine Maklerin Angela Gehrmann,,,
HOWE Company,,,
W√ºrfel Company,,,
Jana Braun Company,,,
Jan√üen & Cie. Real Estate GmbH,,,
ELVIRA Company GmbH,,,
Die Maklerin- Claudia Kretschmer e.K.,,,
Die Maklerin- Claudia Kretschmer e.K.,,,
WOHNGL√úCK Company,,,
Thiel Company,,,
Friedrich M. H√∂bart Companytreuh√§nder,,,
DIE CompanyPROFIS HK Sachverst√§ndigen- und Companykanzlei GmbH & Co. KG,,,
DIE CompanyPROFIS HK Sachverst√§ndigen- und Companykanzlei GmbH & Co. KG,,,
A&E Company,,,
db Vertriebsberatung,,,
Companyagentur Hamburg,,,
RSV Unternehmensmanagement GmbH,,,
SK Company,,,
CS Real Estate,,,
SMAKLA UG (haftungsbeschr√§nkt),,,
Potsdam Company UG (haftungsbeschr√§nkt),,,
Potsdam Company UG (haftungsbeschr√§nkt),,,
A.ZUR Company,,,
MIV - Raphael Merry,,,
Hawlitzki Company,,,
Domus Hausverwaltung & Company GmbH,,,
vr ImmoKonzept GmbH,,,
Redhome GmbH,,,
SPOT MUNICH,,,
Marcel Spinnler,,,
ADAMI Company,,,
ADAMI Company,,,
DeGe Company,,,
Bausch Company,,,
Bausch Company,,,
INCASA Company GmbH,,,
Firstplace Company GmbH,,,
Bergh√§user Bau GmbH,,,
Bergh√§user Bau GmbH,,,
Hypofriend,,,
Amiskael Real Estate,,,
Wohngroup GmbH,,,
J.S. Network-Marketing,,,
Berlin-S√ºd Company,,,
M&K Company GmbH,,,
Immohaus 100 GmbH,,,
He√üler Nathalie Maria und Koc  Sevda GbR,,,
dvgeno Deutsche Vermietergenossenschaft eG,,,
Gundlach Bau und Company GmbH & Co. KG,,,
Gundlach Bau und Company GmbH & Co. KG,,,
Jacobs Company,,,
Handke Hausverwaltung & Company GmbH,,,
DEAL Agency GmbH,,,
NEO | Real Estate Advisory,,,
Savills Germany Residential GmbH,,,
RSM-Company,,,
VIKTORIA Company,,,
Fahnster Company,,,
Renate Weber Company,,,
"Company Pfister, Kooperationspartner der der RV Bank Bad Staffelstein eG",,,
Ulrich Gl√∂de,,,
Ulrich Gl√∂de,,,
Companyb√ºro Vogel,,,
L√∂wenburg Company Inh. Daniel Bartsch,,,
Martin Lang Company,,,
Suite 11 - Agentur f√ºr sch√∂nes Wohnen,,,
WIERIG Company GmbH,,,
SEVERIN KG Company seit 1932 Nachf.,,,
Wegener Company,,,
Company Gr√§fin von Ballestrem,,,
Company Gr√§fin von Ballestrem,,,
Altwasser Company,,,
Ploog-Company e.K.,,,
Raiffeisenbank Kempten-Oberallg√§u eG Companyvermittlung,,,
Lenze & Friedmann Company OHG,,,
Voba Company GmbH,,,
Adlwarth Company,,,
Adlwarth Company,,,
Company4You,,,
Immo4plus GbR,,,
Susanna Wiegand Companyvermittlung,,,
,,,
NEWWAYS REAL ESTATE,,,
,,,
Momentum Wohnkonzept GmbH,,,
Riveritas GmbH,,,
Honberg Company,,,
BLITZ Company,,,
Herzberg Company,,,
ELYSTELLA Companymanagement- Jean Besse -,,,
Schmitt Company e.K. IVD,,,
Robin Degen Companyvermittlung,,,
Das-Makler-Haus,,,
,,,
HLI Company,,,
HLI Company,,,
Isar Estate e.K.,,,
RN Company GmbH,,,
Michael Nied,,,
Michael Nied,,,
Christian Wolf GmbH,,,
Andreas Reitz Company,,,
Minkner & Partner PROFI KONZEPT S.L.,,,
Minkner & Partner PROFI KONZEPT S.L.,,,
Evseev Company und Finanzservice,,,
KH- Company,,,
Sahmer GmbH,,,
Arminius der Cherusker Company GmbH,,,
Domus Fortis GmbH,,,
C4 real estate GmbH,,,
Peter Stenger,,,
GZ Company GmbH,,,
Genea Management GmbH,,,
"Sascha Kuhl - Company, Vermittlungen und mehr",,,
IV Invictus Real Estate Hamburg GmbH,,,
Klahn Company e.K.,,,
Companypunkt,,,
ROLAND BAST Company e. K.,,,
Baxmeyer Company und Baubetreuungsgesellschaft mbH,,,
IGM Company Gesellschaft Mainz mbH,,,
aawagner Company,,,
DRH Deutsche Reihenhaus AG,,,
DRH Deutsche Reihenhaus AG,,,
Sebastian Steinbach Company,,,
ROTHAAR Company GbR,,,
"Company Stockhausen, Inh. Kirsten Stockhausen",,,
"Company Stockhausen, Inh. Kirsten Stockhausen",,,
Elbe & Spree Company GmbH,,,
Pfisterer & Gerber Company,,,
Hein Company,,,
Hein Company,,,
Overland Company,,,
Johann Graf zu Rantzau,,,
Thomas Gider,,,
Kai Pflanz Company,,,
ing-immo GmbH & Co. KG,,,
Companykontor Mroch & Newman GbR,,,
Homefin GmbH,,,
H√ºttenb√ºgel Company GmbH,,,
Company Westend OHG,,,
Guske Company KG,,,
ATCP Management GmbH,,,
K√ºhnel Company,,,
FRICKE Company FULDA,,,
FRICKE Company FULDA,,,
FRICKE Company FULDA,,,
FRICKE Company FULDA,,,
Jung Company & Hausverwaltung,,,
La Maison Grosso Company,,,
Horizont Company GmbH,,,
Stufe1 Company GmbH,,,
Heimat Invest GmbH,,,
Ruhnke Company UG (haftungsbeschr√§nkt),,,
KK-Companyberatungs GmbH,,,
,,,
TeamNord Company GmbH,,,
E9 Company,,,
LEVOLUTION GmbH,,,
Villa Eugenia Company,,,
Bleifu√ü Company,,,
Bleifu√ü Company,,,
Bleifu√ü Company,,,
Bleifu√ü Company,,,
SternSteyn Company,,,
Home Town 24,,,
Ahlborn-Company,,,
Lochbihler Company,,,
DCT Company Services GmbH,,,
Projekt Company Marketing,,,
allkauf haus GmbH,,,
Robert Littmann Company,,,
AsolutionS Axel Scherzberg,,,
CENTURY 21 Immocenter,,,
Infinex AG,,,
EF Company,,,
Alpe Company,,,
Feigl Company,,,
STRATEGIS AG,,,
Luczay Company GmbH,,,
Hinrichsen Company GmbH,,,
Company - Verwaltung Kielmann GmbH,,,
Deinert & Kauter Company GbR,,,
Company Hasselbring e.K.,,,
Demand Company,,,
Birgit Seiffert Vermietungsservice,,,
Burkhardt Companyservice,,,
Scheffold Company GmbH,,,
Company zwischen den Meeren,,,
Victor Investment GmbH,,,
Friedrich M. H√∂bart ‚Äì Artecielo Company,,,
Ingo Bals Company Management GmbH & Co. KG,,,
Eulenburg Private Homes,,,
Steffen Maier Company,,,
Bonava Deutschland GmbH_Marktnavigator,,,
HERON Company GmbH,,,
HERON Company GmbH,,,
RheinCompany Tomas Friebel,,,
Martin Schubert Company,,,
Goldsche Company Inh. Harald Goldsche e.Kfm.,,,
Goldsche Company Inh. Harald Goldsche e.Kfm.,,,
Kunze Company,,,
Rudkowski & Hag Company GmbH,,,
Graf-Borstar GmbH,,,
Grundschmiede GmbH,,,
Alt & Kelber Companykontor Lubinsky Company,,,
Knigge - Company KG,,,
HS Immomakler,,,
ALR Companyservice Alexander Rabl,,,
HOEVER Company,,,
HAUS & LEBEN e.K.,,,
Pro Systems Partners GmbH / Hotel Invest Consulting,,,
Christian Stark Company e. K.,,,
HS-IMMOSERVICE,,,
date-yourhome,,,
Erik Bessems Makelaardij BVBA,,,
Fermano Company,,,
Immomari e.K.,,,
LAROM Company,,,
K&M Company,,,
Neubauer Company GmbH,,,
RG Service- & Verwaltungsgesellschaft mbH,,,
Zeitgeist Company GmbH,,,
IMMOOD,,,
Triton Belco Vertriebs GmbH,,,
Home Sweet Home Berlin,,,
dembeck Company,,,
BESTER GRUND Company GmbH,,,
BESTER GRUND Company GmbH,,,
goldSCHWARZ Company GmbH,,,
Memo Company,,,
Baufina Company,,,
Baufina Company,,,
M√úLLER Projekt-Management GmbH / immo49.de,,,
Arkade Company GmbH,,,
Arkade Company GmbH,,,
Arkade Company GmbH,,,
Companyb√ºro Pilz,,,
MP Company Sachsen,,,
Herrmann Company GmbH,,,
DIVI Deutscher Company Verbund International Inhaber Thomas Weber e. K.,,,
Galitz Company,,,
Galitz Company,,,
Company Stephan,,,
J.Lange Company,,,
Sch√∂nrich Company GmbH,,,
VON J√ÑRTEN & CIE Grundbesitz und Companyvermittlungs-GmbH,,,
UBDH Company,,,
Urban Real Estate Company Entwicklung,,,
Urban Real Estate Company Entwicklung,,,
fundus crescat GmbH,,,
Grethe Schellmann Companyvermarktungs GmbH,,,
Grethe Schellmann Companyvermarktungs GmbH,,,
Grethe Schellmann Companyvermarktungs GmbH,,,
Eden-Ehbrecht Company & Marketing GbR,,,
ASFIM,,,
FDL REALIS GmbH,,,
HS Company UG & Co.KG,,,
Tittmann GmbH,,,
Tittmann GmbH,,,
Homestar Vermietung GmbH,,,
Vanessa Warnke Company,,,
Versicherungen-Company-Gr√ºndungsberatung,,,
Robert Freund Company GmbH,,,
Sauer Companyvermittlung,,,
Moayed Company,,,
TLG Company AG,,,
TLG Company AG,,,
David Gramzow UG,,,
AraMic Group,,,
Horst Fl√∂ttmann Company Planen+Bauen GmbH,,,
PORTIMMO GmbH,,,
Uwe Ladwig e.K.,,,
"Bergen Real Estate, Gr√ºnewald & Ruland GbR",,,
Arlit Schr√∂der Companyberatung,,,
Feit Immo-Service GmbH,,,
LZZ-Company UG,,,
HS Family Office GmbH,,,
KA Holding GmbH,,,
Aurelion & Company GmbH,,,
Gut √úberdacht,,,
Gutbier Company S.L.,,,
Gutbier Company S.L.,,,
Ehigiator Company GbR,,,
Baverma,,,
Cordes & Bruns Company OHG,,,
KAMPMEYER Company GmbH,,,
R+Z Company GmbH,,,
LEONHARDT Company & Hausverwaltungen OHG,,,
Peter M√ºller & Andreas Lepek Company GbR,,,
Pleschinger Company GmbH,,,
ZIEGLER & ZIEGLER Company und Verwaltung GmbH,,,
Heimhuber Company,,,
Heimhuber Company,,,
Wohngl√ºck Company,,,
MainfrankenCompany MI GmbH,,,
"Wohner & K√ºbler Company GbR, Company-Marketing seit 1993",,,
Servicebuero Winkler,,,
Servicebuero Winkler,,,
Company Rother GmbH,,,
DEIN-HAUS Gesellschaft f√ºr Projektentwicklung mbH,,,
Raiffeisenbank Riedenburg Lobsing eG,,,
Raiffeisenbank Riedenburg Lobsing eG,,,
A. Eissfeldt Unternehmensgruppe,,,
Christina Kaiser Company IVD,,,
Raffael Winkler,,,
Riesemann Company GmbH,,,
Peters Properties e.K.,,,
Anteon Company GmbH & Co. KG,,,
noctua advisors GmbH,,,
Karla Fricke Company KG (GmbH & Co.),,,
Karla Fricke Company KG (GmbH & Co.),,,
Karla Fricke Company KG (GmbH & Co.),,,
Karla Fricke Company KG (GmbH & Co.),,,
SCHUMACHER-Company,,,
AUGUSTA Pfalz GmbH,,,
Kufleitner & W√ºnsch GbR,,,
Die Wittermanns,,,
Nacke Company-Marketing,,,
Nacke Company-Marketing,,,
Iris Baumann Company / Wohnkonzepte / Beratung,,,
Pinar Karasu Companymaklerin IHK und Bankkauffrau,,,
Die BeratungsManufaktur GmbH,,,
Finanz Schuller GmbH,,,
Finanz Schuller GmbH,,,
Finanz Schuller GmbH,,,
M&M ImmoFinanz,,,
Company Schneider,,,
L√ºthy Company,,,
CSI- M√ºnchen e. K.,,,
H√∂ffken Company,,,
Pascal Lautenschl√§ger,,,
Pascal Lautenschl√§ger,,,
,,,
Karin Stock Companyvermittlung,,,
Bettina Scheuer,,,
makleRin,,,
a2 Company UG (haftungsbeschr√§nkt),,,
JUTTA SAALFRANK Company,,,
DomSpitzenImmoservice,,,
RIV Projektgesellschaft mbH,,,
Caroline Ellmayer,,,
Rotkehlchen Company,,,
Schmidt & Co. Company GmbH,,,
Schmidt & Co. Company GmbH,,,
L&P Company GmbH,,,
NR Company INVEST GmbH,,,
G√ºnter Teike GmbH,,,
Kohne Company,,,
,,,
Ahausener Wohnbau GmbH,,,
Kahnert,,,
VZR Wohnen GmbH,,,
MM Hamburger Residenzbau GmbH,,,
Harder Company,,,
Harder Company,,,
Dennis Ehm,,,
AKTIVA Company im Breisgau GmbH,,,
Baumgarten Company GmbH & Co KG,,,
Haus- und Grundverkauf Hamburg,,,
Reimers Company,,,
Reimers Company,,,
"b&z Immoservice / Barthmus Bernd, Zachmann Johannes Markus GbR",,,
"TENSUNDERN Companymarketing, Companyberatung und vermittlung",,,
G√ºnter Schollmeyer Company,,,
Fiducia Company GmbH,,,
Fiducia Company GmbH,,,
WINTER Premium-Company GmbH,,,
Companyberatung Gerhard Gorschl√ºter,,,
Mark O. Pieper e.K.,,,
Companyteam Donauwald,,,
KOBAU Company GmbH,,,
ineo Company,,,
SR-Company,,,
SR-Company,,,
DALEXIS CompanyService GmbH,,,
Cyrus Company GmbH,,,
PRINZENBERG GMBH & Co.KG,,,
Schopp Company GmbH,,,
Dr. Sieber & Partner Company GmbH,,,
IBV Rheinland GmbH,,,
ST-Companyvermittlung,,,
ST-Companyvermittlung,,,
Regina Knecht Company & Hausverwaltung,,,
Anke Grabl Company,,,
Kowalski¬¥s Company GmbH,,,
Company24/7,,,
Windorf Company,,,
Michael Herzig Company,,,
Michael Herzig Company,,,
Agentur 68 UG,,,
Agentur 68 UG,,,
Agentur 68 UG,,,
Agentur 68 UG,,,
MOVAMO GmbH,,,
,,,
dambacher Company- und Bau-Coaching UG,,,
Dieter Harpel e.K.,,,
Ines Th√ºne,,,
Germerott Company,,,
v. Hardenberg Besitz- u. Beteiligung GmbH,,,
Andre Riedel Company,,,
Andre Riedel Company,,,
Andre Riedel Company,,,
CHRISTIAN SCHLOESSER - Ihr Companymakler,,,
CHRISTIAN SCHLOESSER - Ihr Companymakler,,,
Steib Company,,,
Hubert Scheidl,,,
M√ºller & Schneider,,,
DAHME-SPREE-Company,,,
REA Wohnen GmbH,,,
Fritsch & Co. GewerbeCompany GmbH,,,
Fritsch & Co. GewerbeCompany GmbH,,,
Fritsch & Co. GewerbeCompany GmbH,,,
Schick & Partner,,,
HESSMANN Company GmbH,,,
salesImmo,,,
salesImmo,,,
Company-Loesch,,,
Seifert & Ringelke Company UG,,,
Seifert & Ringelke Company UG,,,
Mahero Consulting GmbH,,,
Hofmann Company,,,
Deutschland Company,,,
Kutscherauer Company,,,
T&R Companytreuhand,,,
Dennis Gottschalk,,,
Dennis Gottschalk,,,
S&L Company GmbH,,,
Christian Gohla Company Team,,,
Sch√∂nseh Company,,,
raumhaus quadrat Bastian Blank,,,
Hansa Company GmbH,,,
projekto GmbH,,,
Brunner Company & Dienstleistungen,,,
Leonard & Partner,,,
Claashen Company,Van Halmalestreet 101,arlinda8167@theinternetemail.com,aE
B√∂lts Company OHG,Jos Hendrickxstreet 11,sarai2031@xsmail.com,CI
Anhuth Company,Kruikstreet 173,colin_huber2882@mailhaven.com,lK
Dr. Michael Kolodzie Company,Cadixstreet 161,erin_poot7520@realemail.net,SV
CIBAG-BIVAG Immogruppe,armen streetje 44,beatrice2643@elitemail.org,CZ
KA Immo Management GmbH,Clara Snellingsstreet 159,vanwesthrenen1874@rushpost.com,CC
Wohnraum Company,lange Beeldekensstreet 50,caitlin5492@speedpost.net,TF
DA VINCI Company GmbH,prekersstreet 85,jodie_hess5340@imapmail.org,GR
Andrea Beller Company,Francken street 116,knoop3168@fastmail.com.au,UG
Langer Company GmbH & Co.KG,Smallestreet 91,darron3626@mail-central.com,HN
Schw√§bische Haus- und Wohnungsvermittlungs GmbH,Victor Driessensstreet 158,rogers9916@inoutbox.com,BS
Company J.Pl√ºmer e.K.,Cluytensstreet 125,davis5225@emailuser.net,SN
Wegener Company GbR,Spaansemolen street 87,cornelisgroeneveld3054@yahoo.com,CR
Truschel Company,lodewijk De Vochtstreet 35,rijnders9358@cluemail.com,HT
Companyloft Annette Durst,Korte Scholiersstreet 54,vanommeren3128@speedymail.org,ER
Deutsch Franz√∂sische Companyberatung,lunden street 97,cruz6949@fastmail.net,Gp
Company & mehr J√ºrgen Vogt,Stoofstreet 109,hanson4889@speedpost.net,NU
SGI Company Management - Sascha Geisinger,Hinden street 99,russell_vernede3044@mailite.com,HR
Oliver Willing,Hendrik Kanorastreet 101,hoyt1944@fastemailer.com,GD
immobird GmbH,Zonnebloemstreet 175,michal_vandolderen6152@theinternetemail.com,NR
Immowert M√ºnster,leo Baekelandstreet 190,elfriede4434@warpmail.net,MM
Connected Casa Consult Real Estate GmbH,Turckstreet 114,cory_vanpelt2412@cluemail.com,IT
Novaarea Investment GmbH,streetuisvogelstreet 25,felicita_vanderklugt2164@mailnew.com,aU
Incasa Company GmbH,Jozef Nuytsstreet 70,pamela1234@promessage.com,GU
INF Company Nabil Faddoul,Rotterdamstreet 118,dale6941@theinternetemail.com,TV
INF Company Nabil Faddoul,lodewijk De Raetstreet 127,monroe_kane8853@fastmail.cn,aS
Perfect Immo GmbH,Torenblokstreet 180,ligia_mack4974@your-mail.com,SY
Valureal,pastoor Verlinden street 70,carli9814@sent.com,Gl
Benzet Marketing UG,august Michielsstreet 141,sharolyn6666@50mail.com,CY
All Class Company GmbH,Kwartelstreet 127,edwardo_holder4013@fastmail.to,lC
Mor & MoreCompany KG,Karel palmsstreet 10,hildred7601@yepmail.net,SZ
Lin Prenka Prenka GmbH,Valerius De Saedeleer street 82,allyson1251@theinternetemail.com,UY
Ten Company,Van praetstreet 171,jarred_smith5014@theinternetemail.com,GN
Karlhoff GmbH,Najaar street 136,nolan_mckinney3462@the-quickest.com,KE
Maletz und Hoffstedde GmbH & Co.KG,Jonker van der Nootstreet 159,brenk4987@bestmail.us,BG
Company Hackl,Biekorfstreet 27,vaneldik8972@internetemails.net,CZ
Ihr Companykontor Bayern GmbH,Ossenblokstreet 62,edgar8593@fastmail.es,aF
Ernst Klinge Company e.K.,pionier street 167,ardell3815@mailsent.net,Tl
KUBIKOM Company GmbH,Rangoon street 131,agueda4209@mm.st,YE
KUBIKOM Company GmbH,Klooster street 95,julio_molina4672@fast-mail.org,MX
Hauser Company,Jozef Cardijn street 60,carita_finch497@mailsent.net,GB
Atlas Companyservice GmbH,Vic Heyman street 47,kandace_lindsay1277@mailservice.ms,CU
Companywerte24.de,Bosselaersstreet 99,sawyer3162@50mail.com,TD
Blackert & Borchers Company GmbH & Co KG,Cameliastreet 91,tatum_harmon1667@150ml.com,GH
Company Martin Lang,pelikaan street 13,quinn_wooldrik3632@promessage.com,CU
Amoreal GmbH,Franciscanen street 108,norine_hudson1687@fast-email.com,DO
Heimatb√ºro GmbH & Co KG,lange Scholiersstreet 159,bell6177@fmgirl.com,BE
TELA Companyservice GmbH,Max Elskamp  street 51,wayne8663@promessage.com,IM
"1KLANG",De Braekeleer street 174,francis8247@internet-e-mail.com,DE
Alpha Weg GmbH,Olijftakstreet 4,arnold_kirk4390@fastemailer.com,Ml
Staffa & Uhl Company GmbH & Co. KG,Jan Van de Wouwer street 35,hulshof3986@ssl-mail.com,GH
A&Z Handelsgesellschaft mbH,Napelsstreet 89,humberto_golden2486@nospammail.net,pW
Bark Company,lange Doornikstreet 126,myrl_horton1020@emailcorner.net,KN
WMAXX-Company,Traktaatstreet 16,burgess7455@emailuser.net,IM
MWB Baubetreuungs- und Verwaltungs- GmbH,Rijfstreet 66,jongejans4932@promessage.com,Mp
Company Peter Okon,Spoorwegstreet 196,voogd6122@fea.st,FM
TW Wohnbau Philosophenweg GmbH & Co. KG,Glasgowstreet 62,micheal4114@mailcan.com,MT
ERSAN-Company,Montrealstreet 189,lakeisha_massey6876@4email.net,Sl
"HEOS Company Management Maklerhaus, Sachverst√§ndige & Bau- und Betriebsgesellschaft mbH GmbH",Kreeftstreet 121,alva_harvey6082@justemail.net,KZ
AVA Company GmbH (HausHirsch.de),Korte pastoor street 101,jude3471@mymacmail.com,pS
Gerd Helbig,Jaak De Boeckstreet 189,cori_browning6979@16mail.com,SY
Gerd Helbig,Zetternamstreet 38,jason_spee3123@fastmail.es,SG
SAM-Consulting Nord,Neerhoefstreet 193,vincenzo4269@mail-page.com,NI
Companyb√ºro M√ºller GmbH,Kerkhofblommen street 72,pik3150@fastmail.co.uk,EH
Companyb√ºro M√ºller GmbH,Corbletstreet 116,goldie7109@yepmail.net,KM
Eveling Company GmbH,Deken Jozef de Meusstreet 22,swoll8044@fastmail.us,MM
MWD Company & Projektentwicklung GmbH,apostelstreet 42,lorenzo9474@fast-email.com,Cl
Bonava Deutschland GmbH,Tweelingen street 193,hipolito_robles2778@fastmailbox.net,aW
Ha-Ga Vision GmbH,Wijn street 20,hyde3367@123mail.org,MU
Dein Makler Rhein Main GmbH,Muizen street 108,conner7563@the-fastest.net,TF
Christian Dischinger - Unternehmen f√ºr Companywirtschaft,Tempelstreet 94,oscar2331@mailc.net,KE
Dreher Company,Halen street 49,nichelle_kelfkens2764@fastest.cc,NC
WESTERMANN Company - Verkauf von Haus & Grundbesitz,Van Craesbeeckstreet 143,franklin7352@mailas.com,Np
Fr√∂hlich Company,Ramstreet 160,otten8746@speedpost.net,SJ
Zielke Company,Clara Snellingsstreet 175,bernita7177@mail-page.com,GS
Blum+Partner Company GmbH,Goedehoop  street 183,tyson_mcdonald2725@50mail.com,IM
EWG,Schindestreet 95,vis8956@inoutbox.com,CN
LACH.IMMO GmbH,Karel Geertsstreet 41,ruth7481@internetemails.net,DE
LACH.IMMO GmbH,Sprangweelstreet 20,theresa_rijckx6681@postpro.net,Nl
Froschk√∂nig Company - Annett Seifert,Kwikstaartstreet 186,tory5802@proinbox.com,CI
Neufang & Bierbrauer Company GmbH,Haminastreet 100,cornelisgroeneveld724@fmail.co.uk,lS
Felber & Felber Company,Waterloostreet 106,garfield_romero1194@mailc.net,Mp
Gisela von Quast Company,Ceresstreet 58,emory_lyons8000@mailas.com,TK
DEGIV - Die Gesellschaft f√ºr Companyverrentung GmbH,Dublin street 142,dusty8865@eml.cc,TF
"BDK Company-Service, Inhaber: Beatrice Doll-Kulzer",Kotter street 28,sondra9460@justemail.net,lK
Schweikert Company GmbH & Co. KG,Dodoensstreet 39,deadra1607@fea.st,HR
DNW GmbH,albert Dickschen street 104,jamel_vanwoercom8780@fastmail.net,MR
ID Immobilia Deutschland GmbH,Clementinastreet 133,reanna5984@mailas.com,WS
Michael Gschwilm Consulting,Ommeganckstreet 17,perry_sanford4594@fastmail.jp,DZ
FMS Company,polostreet 111,martin_phelps6292@fmguy.com,lT
my estate GmbH,Velodroomstreet 162,zimmerman9772@sent.at,aF
REICH Company,Van de poelstreet 118,crispijn4757@justemail.net,US
Engin Sari,Edward pecher street 185,brooks_phelps144@sent.as,pN
Christian Ondrich,Frans Hensstreet 93,ming7315@gmx.comaol.com,GY
Gre√ümann & Witzleben Company GmbH,paradijsstreet 73,keva4608@fastmail.cn,NZ
Schwerdtfeger-Company,Montebellostreet 5,kasha_robbins713@the-quickest.com,EH
Schwerdtfeger-Company,Krieken street 148,errol_lara2839@cluemail.com,GD
DEVK Jens Mehnert,Woeringen street 133,perdon3009@speedymail.org,BN
Sven Segieth Company,Floris primsstreet 180,cliff1727@emailgroups.net,CI
Lenz-Company Thomas Lenz,prins leopoldstreet 139,paula_vanbaal5147@the-fastest.net,Mp
Pr√ºfer UG (haftungsbeschr√§nkt),Godtsstreet 79,brink2957@the-fastest.net,GD
Randy Henke Company,Zonnewijzer street 175,pittman49@mymacmail.com,IS
FSI First Stone Companygesellschaft mbH,Verbrandstreetje 92,winter9616@fastest.cc,pa
Terrareal Deutschland OHG,Boshovestreet 88,glenn_harrington2222@airpost.net,lC
HERB Company,Monnikenhofstreet 62,vanerp8792@inoutbox.com,CF
Company- & Sachverst√§ndigenb√ºro Berner,pauwstreet 160,katelin2166@fastest.cc,IE
MEIER & MEIER Company GmbH & Co. KG,Violier street 90,villanueva7451@the-fastest.net,RU
Lemke & Schick Company,Meranti  street 27,angelika_sol1579@hailmail.net,VU
Frank Jaskorski Company,Nassau  street 55,bruins7641@cluemail.com,GB
Frank Jaskorski Company,pieter Van passen street 59,gayla_jansdr3786@speedpost.net,MZ
CID - Capital & Company Dienst,ledeganckstreet 105,dons7434@fastmail.to,pE
FCR Company AG,Steenbergstreet 23,israel_vangendringen7180@123mail.org,VE
Mattes Company GmbH,Jozef De Weerdtstreet 107,natalya_conley114@fea.st,IN
Imfinity GmbH,lode de Boninghestreet 17,salley_cleijn9806@justemail.net,aO
ImmoL√∂we GmbH,Snellekreekstreet 29,vanwinzum8385@mailcan.com,Na
Schumacher Company,apostelstreet 136,devin2179@mailas.com,MQ
Stahl Company GmbH,Bisschop  street 193,bertie_sombaert7401@50mail.com,HM
Tobias Miersch Companyservice e. K.,Frans Van Hombeeckstreet 131,leandro2807@123mail.org,TV
Companybewegung,Karel Rogier street 3,ezekiel_vanderwoude1738@reallyfast.info,aR
Companybewegung,Vaderlandstreet 31,schouten1526@50mail.com,IN
